bsc,matic ,terra,solana
https://api.apeboard.finance/acryptosBsc/,https://api.apeboard.finance/aavev2Polygon/,https://api.apeboard.finance/anchorTerra/,https://api.apeboard.finance/orcaSolana/
https://api.apeboard.finance/alpacaBsc/,https://api.apeboard.finance/beefyPolygon/,https://api.apeboard.finance/lunastakingTerra/,https://api.apeboard.finance/raydiumSolana/
https://api.apeboard.finance/alphahomoraBsc/,https://api.apeboard.finance/dfynPolygon/,https://api.apeboard.finance/mirrorTerra/,https://api.apeboard.finance/solfarmSolana/
https://api.apeboard.finance/apeswapBsc/,https://api.apeboard.finance/ironPolygon/,https://api.apeboard.finance/terraswapTerra/,
https://api.apeboard.finance/aperocketBsc/,https://api.apeboard.finance/polycatPolygon/,https://api.apeboard.finance/airdropTerra/,
https://api.apeboard.finance/autofarmBsc/,https://api.apeboard.finance/polywhalePolygon/,,
https://api.apeboard.finance/autosharkBsc/,https://api.apeboard.finance/polyzapPolygon/,,
https://api.apeboard.finance/blizzardBsc/,https://api.apeboard.finance/quickswapPolygon/,,
https://api.apeboard.finance/badgerBsc/,https://api.apeboard.finance/sushiswapPolygon/,,
https://api.apeboard.finance/beefyBsc/,https://api.apeboard.finance/polyCrystalPolygon/,,
https://api.apeboard.finance/beltBsc/,https://api.apeboard.finance/adamantPolygon/,,
https://api.apeboard.finance/biswapBsc/,https://api.apeboard.finance/apeswapPolygon/,,
https://api.apeboard.finance/boringdaoBsc/,https://api.apeboard.finance/auguryPolygon/,,
https://api.apeboard.finance/cafeswapBsc/,https://api.apeboard.finance/autofarmPolygon/,,
https://api.apeboard.finance/coinswapBsc/,https://api.apeboard.finance/balancerPolygon/,,
https://api.apeboard.finance/creamBsc/,https://api.apeboard.finance/curvePolygon/,,
https://api.apeboard.finance/definixBsc/,https://api.apeboard.finance/dinoswapPolygon/,,
https://api.apeboard.finance/doppleBsc/,https://api.apeboard.finance/elevenPolygon/,,
https://api.apeboard.finance/elevenBsc/,https://api.apeboard.finance/farmheroPolygon/,,
https://api.apeboard.finance/ellipsisBsc/,https://api.apeboard.finance/piratedicePolygon/,,
https://api.apeboard.finance/farmheroBsc/,https://api.apeboard.finance/pancakebunnyPolygon/,,
https://api.apeboard.finance/foodcourtBsc/,https://api.apeboard.finance/polyrollPolygon/,,
https://api.apeboard.finance/fulcrumBsc/,https://api.apeboard.finance/maiPolygon/,,
https://api.apeboard.finance/cerberusBsc/,https://api.apeboard.finance/sushiswapPolygon/,,
https://api.apeboard.finance/gooseBsc/,https://api.apeboard.finance/waultPolygon/,,
https://api.apeboard.finance/pancakehunnyBsc/,,,
https://api.apeboard.finance/hyperjumpBsc/,,,
https://api.apeboard.finance/hyruleswapBsc/,,,
https://api.apeboard.finance/kebabfinanceBsc/,,,
https://api.apeboard.finance/kokomoswapBsc/,,,
https://api.apeboard.finance/lazymintBsc/,,,
https://api.apeboard.finance/mdexBsc/,,,
https://api.apeboard.finance/merlinlabBsc/,,,
https://api.apeboard.finance/nerveBsc/,,,
https://api.apeboard.finance/pancakebunnyBsc/,,,
https://api.apeboard.finance/pancakeswapBsc/,,,
https://api.apeboard.finance/pantherBsc/,,,
https://api.apeboard.finance/ploutozBsc/,,,
https://api.apeboard.finance/satisBsc/,,,
https://api.apeboard.finance/swampBsc/,,,
https://api.apeboard.finance/thegrandbanksBsc/,,,
https://api.apeboard.finance/tomyumgoongBsc/,,,
https://api.apeboard.finance/treedefiBsc/,,,
https://api.apeboard.finance/tuktukBsc/,,,
https://api.apeboard.finance/twindexBsc/,,,
https://api.apeboard.finance/venusBsc/,,,
https://api.apeboard.finance/wardenswapBsc/,,,
https://api.apeboard.finance/waultBsc/,,,
